{
	"providers":[
		{
			"type":"bitmap",
			"file":"uin:debug/page1_256x.png",
			"height":256,
			"ascent":256,
			"chars":["\ue001"]
		},
		{
			"type":"bitmap",
			"file":"uin:debug/page2_256x118.png",
			"height":118,
			"ascent":59,
			"chars":[
				"\ue002\u0000\ue003\ue004",
				"\ue005\ue006\ue007\ue008"
			]
		},
		{
			"type":"bitmap",
			"file":"uin:debug/debug_113x.png",
			"height":113,
			"ascent":113,
			"chars":["\ue009"]
		},
		{
			"type":"bitmap",
			"file":"uin:debug/debug_113x2.png",
			"height":113,
			"ascent":113,
			"chars":["\ue00a"]
		},
		{
			"type":"bitmap",
			"file":"uin:debug/debug_256x.png",
			"height":256,
			"ascent":256,
			"chars":["\ue00b"]
		},
		{
			"type":"bitmap",
			"file":"uin:debug/debug_256x2.png",
			"height":256,
			"ascent":256,
			"chars":["\ue00c"]
		},
		{
			"type":"bitmap",
			"file":"uin:debug/cq_hb_1.png",
			"height":41,
			"ascent":0,
			"chars":["\ue00d"]
		},
		{
			"type":"bitmap",
			"file":"uin:debug/cq_hb_1.png",
			"height":41,
			"ascent":41,
			"chars":["\ue00e"]
		},
		{
			"type":"bitmap",
			"file":"uin:debug/cq_hb_1.png",
			"height":41,
			"ascent":41,
			"chars":["\ue00f\ue010"]
		},
		{
			"type":"bitmap",
			"file":"uin:debug/cq_hb_1.png",
			"height":41,
			"ascent":41,
			"chars":[
				"\ue011",
				"\ue012"
			]
		},
		{
			"type":"bitmap",
			"file":"uin:debug/cq_hb_1.png",
			"height":20,
			"ascent":20,
			"chars":["\ue013"]
		},
		{
			"type":"bitmap",
			"file":"uin:debug/cq_hb_1.png",
			"height":82,
			"ascent":82,
			"chars":["\ue014"]
		},
		{
			"type":"bitmap",
			"file":"uin:debug/115x256.png",
			"height":256,
			"ascent":0,
			"chars":["\ue015"]
		}
	]
}