{
	"providers":[
		{
			"type":"bitmap",
			"file":"uin:debug/page1_256x.png",
			"height":256,
			"ascent":256,
			"chars":["\ue001"]
		},
		{
			"type":"bitmap",
			"file":"uin:debug/page2_256x118.png",
			"height":118,
			"ascent":59,
			"chars":[
				"\ue002\u0000\ue003\ue004",
				"\ue005\ue006\ue007\ue008"
			]
		},
		{
			"type":"bitmap",
			"file":"uin:debug/debug_113x.png",
			"height":113,
			"ascent":113,
			"chars":["\ue009"]
		},
		{
			"type":"bitmap",
			"file":"uin:debug/debug_113x2.png",
			"height":113,
			"ascent":113,
			"chars":["\ue00a"]
		},
		{
			"type":"bitmap",
			"file":"uin:debug/debug_256x.png",
			"height":256,
			"ascent":256,
			"chars":["\ue00b"]
		},
		{
			"type":"bitmap",
			"file":"uin:debug/debug_256x2.png",
			"height":256,
			"ascent":256,
			"chars":["\ue00c"]
		}
	]
}