{
	"providers": [
		{"type": "bitmap","file": "uin:xradar/debug_1.png","ascent": 100,"height": 200,"chars": ["\ue001"]},
		{"type": "bitmap","file": "uin:xradar/debug_2.png","ascent": 100,"height": 200,"chars": ["\ue002"]},
		{"type": "bitmap","file": "uin:xradar/debug_3.png","ascent": 300,"height": 327,"chars": ["\ue003"]},
		
		{"type": "bitmap","file": "uin:xradar/00_debug.png","ascent": 300,"height": 327,"chars": ["\u0001"]},
		{"type": "bitmap","file": "uin:xradar/02_design.png","ascent": 300,"height": 327,"chars": ["\u0002"]},
		{"type": "bitmap","file": "uin:xradar/03_black.png","ascent": 300,"height": 327,"chars": ["\u0003"]},
		{"type": "bitmap","file": "uin:xradar/04_frame.png","ascent": 300,"height": 327,"chars": ["\u0004"]},
		{"type": "bitmap","file": "uin:xradar/05_plugin.png","ascent": 300,"height": 327,"chars": ["\u0005"]},
		{"type": "bitmap","file": "uin:xradar/06_screen.png","ascent": 300,"height": 327,"chars": ["\u0006"]},
		{"type": "bitmap","file": "uin:xradar/07_memo.png","ascent": 300,"height": 327,"chars": ["\u0007"]},
		{"type": "bitmap","file": "uin:xradar/08_spore.png","ascent": 300,"height": 327,"chars": ["\u0008"]},
		{"type": "bitmap","file": "uin:xradar/09_spore_lit.png","ascent": 300,"height": 327,"chars": ["\u0009"]},
		{"type": "bitmap","file": "uin:xradar/10_arrow.png","ascent": 300,"height": 327,"chars": ["\u000a"]},
		
		{"type": "bitmap","file": "uin:xradar/00_debug.png","ascent": 300,"height": 327,"chars": ["\u000b"]},
		{"type": "bitmap","file": "uin:xradar/02_design.png","ascent": 300,"height": 327,"chars": ["\u000c"]},
		{"type": "bitmap","file": "uin:xradar/11_dot.png","ascent": 44,"height": 300,"chars": ["\u000d"]},
		{"type": "bitmap","file": "uin:xradar/12_dot_empty.png","ascent": 267,"height": 300,"chars": ["\u000e"]},
		
		{"type":"bitmap","file":"uin:xradar/set1_dot.png","ascent":33,"height":300,"chars":["\u0033"]},
		{"type":"bitmap","file":"uin:xradar/set1_dot.png","ascent":34,"height":300,"chars":["\u0034"]},
		{"type":"bitmap","file":"uin:xradar/set1_dot.png","ascent":35,"height":300,"chars":["\u0035"]},
		{"type":"bitmap","file":"uin:xradar/set1_dot.png","ascent":36,"height":300,"chars":["\u0036"]},
		{"type":"bitmap","file":"uin:xradar/set1_dot.png","ascent":37,"height":300,"chars":["\u0037"]},
		{"type":"bitmap","file":"uin:xradar/set1_dot.png","ascent":38,"height":300,"chars":["\u0038"]},
		{"type":"bitmap","file":"uin:xradar/set1_dot.png","ascent":39,"height":300,"chars":["\u0039"]},
		{"type":"bitmap","file":"uin:xradar/set1_dot.png","ascent":40,"height":300,"chars":["\u0040"]},
		{"type":"bitmap","file":"uin:xradar/set1_dot.png","ascent":41,"height":300,"chars":["\u0041"]},
		{"type":"bitmap","file":"uin:xradar/set1_dot.png","ascent":42,"height":300,"chars":["\u0042"]},
		{"type":"bitmap","file":"uin:xradar/set1_dot.png","ascent":43,"height":300,"chars":["\u0043"]},
		{"type":"bitmap","file":"uin:xradar/set1_dot.png","ascent":44,"height":300,"chars":["\u0044"]},
		{"type":"bitmap","file":"uin:xradar/set1_dot.png","ascent":45,"height":300,"chars":["\u0045"]},
		{"type":"bitmap","file":"uin:xradar/set1_dot.png","ascent":46,"height":300,"chars":["\u0046"]},
		{"type":"bitmap","file":"uin:xradar/set1_dot.png","ascent":47,"height":300,"chars":["\u0047"]},
		{"type":"bitmap","file":"uin:xradar/set1_dot.png","ascent":48,"height":300,"chars":["\u0048"]},
		{"type":"bitmap","file":"uin:xradar/set1_dot.png","ascent":49,"height":300,"chars":["\u0049"]},
		{"type":"bitmap","file":"uin:xradar/set1_dot.png","ascent":50,"height":300,"chars":["\u0050"]},
		{"type":"bitmap","file":"uin:xradar/set1_dot.png","ascent":51,"height":300,"chars":["\u0051"]},
		{"type":"bitmap","file":"uin:xradar/set1_dot.png","ascent":52,"height":300,"chars":["\u0052"]},
		{"type":"bitmap","file":"uin:xradar/set1_dot.png","ascent":53,"height":300,"chars":["\u0053"]},
		{"type":"bitmap","file":"uin:xradar/set1_dot.png","ascent":54,"height":300,"chars":["\u0054"]},
		{"type":"bitmap","file":"uin:xradar/set1_dot.png","ascent":55,"height":300,"chars":["\u0055"]},
		{"type":"bitmap","file":"uin:xradar/set1_dot.png","ascent":56,"height":300,"chars":["\u0056"]},
		{"type":"bitmap","file":"uin:xradar/set1_dot.png","ascent":57,"height":300,"chars":["\u0057"]},
		{"type":"bitmap","file":"uin:xradar/set1_dot.png","ascent":58,"height":300,"chars":["\u0058"]},
		{"type":"bitmap","file":"uin:xradar/set1_dot.png","ascent":59,"height":300,"chars":["\u0059"]},
		{"type":"bitmap","file":"uin:xradar/set1_dot.png","ascent":60,"height":300,"chars":["\u0060"]},
		{"type":"bitmap","file":"uin:xradar/set1_dot.png","ascent":61,"height":300,"chars":["\u0061"]},
		{"type":"bitmap","file":"uin:xradar/set1_dot.png","ascent":62,"height":300,"chars":["\u0062"]},
		{"type":"bitmap","file":"uin:xradar/set1_dot.png","ascent":63,"height":300,"chars":["\u0063"]},
		{"type":"bitmap","file":"uin:xradar/set1_dot.png","ascent":64,"height":300,"chars":["\u0064"]},
		{"type":"bitmap","file":"uin:xradar/set1_dot.png","ascent":65,"height":300,"chars":["\u0065"]},
		{"type":"bitmap","file":"uin:xradar/set1_dot.png","ascent":66,"height":300,"chars":["\u0066"]},
		{"type":"bitmap","file":"uin:xradar/set1_dot.png","ascent":67,"height":300,"chars":["\u0067"]},
		{"type":"bitmap","file":"uin:xradar/set1_dot.png","ascent":68,"height":300,"chars":["\u0068"]},
		{"type":"bitmap","file":"uin:xradar/set1_dot.png","ascent":69,"height":300,"chars":["\u0069"]},
		{"type":"bitmap","file":"uin:xradar/set1_dot.png","ascent":70,"height":300,"chars":["\u0070"]},
		{"type":"bitmap","file":"uin:xradar/set1_dot.png","ascent":71,"height":300,"chars":["\u0071"]},
		{"type":"bitmap","file":"uin:xradar/set1_dot.png","ascent":72,"height":300,"chars":["\u0072"]},
		{"type":"bitmap","file":"uin:xradar/set1_dot.png","ascent":73,"height":300,"chars":["\u0073"]},
		{"type":"bitmap","file":"uin:xradar/set1_dot.png","ascent":74,"height":300,"chars":["\u0074"]},
		{"type":"bitmap","file":"uin:xradar/set1_dot.png","ascent":75,"height":300,"chars":["\u0075"]},
		{"type":"bitmap","file":"uin:xradar/set1_dot.png","ascent":76,"height":300,"chars":["\u0076"]},
		{"type":"bitmap","file":"uin:xradar/set1_dot.png","ascent":77,"height":300,"chars":["\u0077"]},
		{"type":"bitmap","file":"uin:xradar/set1_dot.png","ascent":78,"height":300,"chars":["\u0078"]},
		{"type":"bitmap","file":"uin:xradar/set1_dot.png","ascent":79,"height":300,"chars":["\u0079"]},
		{"type":"bitmap","file":"uin:xradar/set1_dot.png","ascent":80,"height":300,"chars":["\u0080"]},
		{"type":"bitmap","file":"uin:xradar/set1_dot.png","ascent":81,"height":300,"chars":["\u0081"]},
		{"type":"bitmap","file":"uin:xradar/set1_dot.png","ascent":82,"height":300,"chars":["\u0082"]},
		{"type":"bitmap","file":"uin:xradar/set1_dot.png","ascent":83,"height":300,"chars":["\u0083"]},
		{"type":"bitmap","file":"uin:xradar/set1_dot.png","ascent":84,"height":300,"chars":["\u0084"]},
		{"type":"bitmap","file":"uin:xradar/set1_dot.png","ascent":85,"height":300,"chars":["\u0085"]},
		{"type":"bitmap","file":"uin:xradar/set1_dot.png","ascent":86,"height":300,"chars":["\u0086"]},
		{"type":"bitmap","file":"uin:xradar/set1_dot.png","ascent":87,"height":300,"chars":["\u0087"]},
		{"type":"bitmap","file":"uin:xradar/set1_dot.png","ascent":88,"height":300,"chars":["\u0088"]},
		{"type":"bitmap","file":"uin:xradar/set1_dot.png","ascent":89,"height":300,"chars":["\u0089"]},
		{"type":"bitmap","file":"uin:xradar/set1_dot.png","ascent":90,"height":300,"chars":["\u0090"]},
		{"type":"bitmap","file":"uin:xradar/set1_dot.png","ascent":91,"height":300,"chars":["\u0091"]},
		{"type":"bitmap","file":"uin:xradar/set1_dot.png","ascent":92,"height":300,"chars":["\u0092"]},
		{"type":"bitmap","file":"uin:xradar/set1_dot.png","ascent":93,"height":300,"chars":["\u0093"]},
		{"type":"bitmap","file":"uin:xradar/set1_dot.png","ascent":94,"height":300,"chars":["\u0094"]},
		{"type":"bitmap","file":"uin:xradar/set1_dot.png","ascent":95,"height":300,"chars":["\u0095"]},
		{"type":"bitmap","file":"uin:xradar/set1_dot.png","ascent":96,"height":300,"chars":["\u0096"]},
		{"type":"bitmap","file":"uin:xradar/set1_dot.png","ascent":97,"height":300,"chars":["\u0097"]},
		{"type":"bitmap","file":"uin:xradar/set1_dot.png","ascent":98,"height":300,"chars":["\u0098"]},
		{"type":"bitmap","file":"uin:xradar/set1_dot.png","ascent":99,"height":300,"chars":["\u0099"]},
		{"type":"bitmap","file":"uin:xradar/set1_dot.png","ascent":100,"height":300,"chars":["\u0100"]},
		{"type":"bitmap","file":"uin:xradar/set1_dot.png","ascent":101,"height":300,"chars":["\u0101"]},
		{"type":"bitmap","file":"uin:xradar/set1_dot.png","ascent":102,"height":300,"chars":["\u0102"]},
		{"type":"bitmap","file":"uin:xradar/set1_dot.png","ascent":103,"height":300,"chars":["\u0103"]},
		{"type":"bitmap","file":"uin:xradar/set1_dot.png","ascent":104,"height":300,"chars":["\u0104"]},
		{"type":"bitmap","file":"uin:xradar/set1_dot.png","ascent":105,"height":300,"chars":["\u0105"]},
		{"type":"bitmap","file":"uin:xradar/set1_dot.png","ascent":106,"height":300,"chars":["\u0106"]},
		{"type":"bitmap","file":"uin:xradar/set1_dot.png","ascent":107,"height":300,"chars":["\u0107"]},
		{"type":"bitmap","file":"uin:xradar/set1_dot.png","ascent":108,"height":300,"chars":["\u0108"]},
		{"type":"bitmap","file":"uin:xradar/set1_dot.png","ascent":109,"height":300,"chars":["\u0109"]},
		{"type":"bitmap","file":"uin:xradar/set1_dot.png","ascent":110,"height":300,"chars":["\u0110"]},
		{"type":"bitmap","file":"uin:xradar/set1_dot.png","ascent":111,"height":300,"chars":["\u0111"]},
		{"type":"bitmap","file":"uin:xradar/set1_dot.png","ascent":112,"height":300,"chars":["\u0112"]},
		{"type":"bitmap","file":"uin:xradar/set1_dot.png","ascent":113,"height":300,"chars":["\u0113"]},
		{"type":"bitmap","file":"uin:xradar/set1_dot.png","ascent":114,"height":300,"chars":["\u0114"]},
		{"type":"bitmap","file":"uin:xradar/set1_dot.png","ascent":115,"height":300,"chars":["\u0115"]},
		{"type":"bitmap","file":"uin:xradar/set1_dot.png","ascent":116,"height":300,"chars":["\u0116"]},
		{"type":"bitmap","file":"uin:xradar/set1_dot.png","ascent":117,"height":300,"chars":["\u0117"]},
		{"type":"bitmap","file":"uin:xradar/set1_dot.png","ascent":118,"height":300,"chars":["\u0118"]},
		{"type":"bitmap","file":"uin:xradar/set1_dot.png","ascent":119,"height":300,"chars":["\u0119"]},
		{"type":"bitmap","file":"uin:xradar/set1_dot.png","ascent":120,"height":300,"chars":["\u0120"]},
		{"type":"bitmap","file":"uin:xradar/set1_dot.png","ascent":121,"height":300,"chars":["\u0121"]},
		{"type":"bitmap","file":"uin:xradar/set1_dot.png","ascent":122,"height":300,"chars":["\u0122"]},
		{"type":"bitmap","file":"uin:xradar/set1_dot.png","ascent":123,"height":300,"chars":["\u0123"]},
		{"type":"bitmap","file":"uin:xradar/set1_dot.png","ascent":124,"height":300,"chars":["\u0124"]},
		{"type":"bitmap","file":"uin:xradar/set1_dot.png","ascent":125,"height":300,"chars":["\u0125"]},
		{"type":"bitmap","file":"uin:xradar/set1_dot.png","ascent":126,"height":300,"chars":["\u0126"]},
		{"type":"bitmap","file":"uin:xradar/set1_dot.png","ascent":127,"height":300,"chars":["\u0127"]},
		{"type":"bitmap","file":"uin:xradar/set1_dot.png","ascent":128,"height":300,"chars":["\u0128"]},
		{"type":"bitmap","file":"uin:xradar/set1_dot.png","ascent":129,"height":300,"chars":["\u0129"]},
		{"type":"bitmap","file":"uin:xradar/set1_dot.png","ascent":130,"height":300,"chars":["\u0130"]},
		{"type":"bitmap","file":"uin:xradar/set1_dot.png","ascent":131,"height":300,"chars":["\u0131"]},
		{"type":"bitmap","file":"uin:xradar/set1_dot.png","ascent":132,"height":300,"chars":["\u0132"]},
		{"type":"bitmap","file":"uin:xradar/set1_dot.png","ascent":133,"height":300,"chars":["\u0133"]},
		{"type":"bitmap","file":"uin:xradar/set1_dot.png","ascent":134,"height":300,"chars":["\u0134"]},
		{"type":"bitmap","file":"uin:xradar/set1_dot.png","ascent":135,"height":300,"chars":["\u0135"]},
		{"type":"bitmap","file":"uin:xradar/set1_dot.png","ascent":136,"height":300,"chars":["\u0136"]},
		{"type":"bitmap","file":"uin:xradar/set1_dot.png","ascent":137,"height":300,"chars":["\u0137"]},
		{"type":"bitmap","file":"uin:xradar/set1_dot.png","ascent":138,"height":300,"chars":["\u0138"]},
		{"type":"bitmap","file":"uin:xradar/set1_dot.png","ascent":139,"height":300,"chars":["\u0139"]},
		{"type":"bitmap","file":"uin:xradar/set1_dot.png","ascent":140,"height":300,"chars":["\u0140"]},
		{"type":"bitmap","file":"uin:xradar/set1_dot.png","ascent":141,"height":300,"chars":["\u0141"]},
		{"type":"bitmap","file":"uin:xradar/set1_dot.png","ascent":142,"height":300,"chars":["\u0142"]},
		{"type":"bitmap","file":"uin:xradar/set1_dot.png","ascent":143,"height":300,"chars":["\u0143"]},
		{"type":"bitmap","file":"uin:xradar/set1_dot.png","ascent":144,"height":300,"chars":["\u0144"]},
		{"type":"bitmap","file":"uin:xradar/set1_dot.png","ascent":145,"height":300,"chars":["\u0145"]},
		{"type":"bitmap","file":"uin:xradar/set1_dot.png","ascent":146,"height":300,"chars":["\u0146"]},
		{"type":"bitmap","file":"uin:xradar/set1_dot.png","ascent":147,"height":300,"chars":["\u0147"]},
		{"type":"bitmap","file":"uin:xradar/set1_dot.png","ascent":148,"height":300,"chars":["\u0148"]},
		{"type":"bitmap","file":"uin:xradar/set1_dot.png","ascent":149,"height":300,"chars":["\u0149"]},
		{"type":"bitmap","file":"uin:xradar/set1_dot.png","ascent":150,"height":300,"chars":["\u0150"]},
		{"type":"bitmap","file":"uin:xradar/set1_dot.png","ascent":151,"height":300,"chars":["\u0151"]},
		{"type":"bitmap","file":"uin:xradar/set1_dot.png","ascent":152,"height":300,"chars":["\u0152"]},
		{"type":"bitmap","file":"uin:xradar/set1_dot.png","ascent":153,"height":300,"chars":["\u0153"]},
		{"type":"bitmap","file":"uin:xradar/set1_dot.png","ascent":154,"height":300,"chars":["\u0154"]},
		{"type":"bitmap","file":"uin:xradar/set1_dot.png","ascent":155,"height":300,"chars":["\u0155"]},
		{"type":"bitmap","file":"uin:xradar/set1_dot.png","ascent":156,"height":300,"chars":["\u0156"]},
		{"type":"bitmap","file":"uin:xradar/set1_dot.png","ascent":157,"height":300,"chars":["\u0157"]},
		{"type":"bitmap","file":"uin:xradar/set1_dot.png","ascent":158,"height":300,"chars":["\u0158"]},
		{"type":"bitmap","file":"uin:xradar/set1_dot.png","ascent":159,"height":300,"chars":["\u0159"]},
		{"type":"bitmap","file":"uin:xradar/set1_dot.png","ascent":160,"height":300,"chars":["\u0160"]},
		{"type":"bitmap","file":"uin:xradar/set1_dot.png","ascent":161,"height":300,"chars":["\u0161"]},
		{"type":"bitmap","file":"uin:xradar/set1_dot.png","ascent":162,"height":300,"chars":["\u0162"]},
		{"type":"bitmap","file":"uin:xradar/set1_dot.png","ascent":163,"height":300,"chars":["\u0163"]},
		{"type":"bitmap","file":"uin:xradar/set1_dot.png","ascent":164,"height":300,"chars":["\u0164"]},
		{"type":"bitmap","file":"uin:xradar/set1_dot.png","ascent":165,"height":300,"chars":["\u0165"]},
		{"type":"bitmap","file":"uin:xradar/set1_dot.png","ascent":166,"height":300,"chars":["\u0166"]},
		{"type":"bitmap","file":"uin:xradar/set1_dot.png","ascent":167,"height":300,"chars":["\u0167"]},
		{"type":"bitmap","file":"uin:xradar/set1_dot.png","ascent":168,"height":300,"chars":["\u0168"]},
		{"type":"bitmap","file":"uin:xradar/set1_dot.png","ascent":169,"height":300,"chars":["\u0169"]},
		{"type":"bitmap","file":"uin:xradar/set1_dot.png","ascent":170,"height":300,"chars":["\u0170"]},
		{"type":"bitmap","file":"uin:xradar/set1_dot.png","ascent":171,"height":300,"chars":["\u0171"]},
		{"type":"bitmap","file":"uin:xradar/set1_dot.png","ascent":172,"height":300,"chars":["\u0172"]},
		{"type":"bitmap","file":"uin:xradar/set1_dot.png","ascent":173,"height":300,"chars":["\u0173"]},
		{"type":"bitmap","file":"uin:xradar/set1_dot.png","ascent":174,"height":300,"chars":["\u0174"]},
		{"type":"bitmap","file":"uin:xradar/set1_dot.png","ascent":175,"height":300,"chars":["\u0175"]},
		{"type":"bitmap","file":"uin:xradar/set1_dot.png","ascent":176,"height":300,"chars":["\u0176"]},
		{"type":"bitmap","file":"uin:xradar/set1_dot.png","ascent":177,"height":300,"chars":["\u0177"]},
		{"type":"bitmap","file":"uin:xradar/set1_dot.png","ascent":178,"height":300,"chars":["\u0178"]},
		{"type":"bitmap","file":"uin:xradar/set1_dot.png","ascent":179,"height":300,"chars":["\u0179"]},
		{"type":"bitmap","file":"uin:xradar/set1_dot.png","ascent":180,"height":300,"chars":["\u0180"]},
		{"type":"bitmap","file":"uin:xradar/set1_dot.png","ascent":181,"height":300,"chars":["\u0181"]},
		{"type":"bitmap","file":"uin:xradar/set1_dot.png","ascent":182,"height":300,"chars":["\u0182"]},
		{"type":"bitmap","file":"uin:xradar/set1_dot.png","ascent":183,"height":300,"chars":["\u0183"]},
		{"type":"bitmap","file":"uin:xradar/set1_dot.png","ascent":184,"height":300,"chars":["\u0184"]},
		{"type":"bitmap","file":"uin:xradar/set1_dot.png","ascent":185,"height":300,"chars":["\u0185"]},
		{"type":"bitmap","file":"uin:xradar/set1_dot.png","ascent":186,"height":300,"chars":["\u0186"]},
		{"type":"bitmap","file":"uin:xradar/set1_dot.png","ascent":187,"height":300,"chars":["\u0187"]},
		{"type":"bitmap","file":"uin:xradar/set1_dot.png","ascent":188,"height":300,"chars":["\u0188"]},
		{"type":"bitmap","file":"uin:xradar/set1_dot.png","ascent":189,"height":300,"chars":["\u0189"]},
		{"type":"bitmap","file":"uin:xradar/set1_dot.png","ascent":190,"height":300,"chars":["\u0190"]},
		{"type":"bitmap","file":"uin:xradar/set1_dot.png","ascent":191,"height":300,"chars":["\u0191"]},
		{"type":"bitmap","file":"uin:xradar/set1_dot.png","ascent":192,"height":300,"chars":["\u0192"]},
		{"type":"bitmap","file":"uin:xradar/set1_dot.png","ascent":193,"height":300,"chars":["\u0193"]},
		{"type":"bitmap","file":"uin:xradar/set1_dot.png","ascent":194,"height":300,"chars":["\u0194"]},
		{"type":"bitmap","file":"uin:xradar/set1_dot.png","ascent":195,"height":300,"chars":["\u0195"]},
		{"type":"bitmap","file":"uin:xradar/set1_dot.png","ascent":196,"height":300,"chars":["\u0196"]},
		{"type":"bitmap","file":"uin:xradar/set1_dot.png","ascent":197,"height":300,"chars":["\u0197"]},
		{"type":"bitmap","file":"uin:xradar/set1_dot.png","ascent":198,"height":300,"chars":["\u0198"]},
		{"type":"bitmap","file":"uin:xradar/set1_dot.png","ascent":199,"height":300,"chars":["\u0199"]},
		{"type":"bitmap","file":"uin:xradar/set1_dot.png","ascent":200,"height":300,"chars":["\u0200"]},
		{"type":"bitmap","file":"uin:xradar/set1_dot.png","ascent":201,"height":300,"chars":["\u0201"]},
		{"type":"bitmap","file":"uin:xradar/set1_dot.png","ascent":202,"height":300,"chars":["\u0202"]},
		{"type":"bitmap","file":"uin:xradar/set1_dot.png","ascent":203,"height":300,"chars":["\u0203"]},
		{"type":"bitmap","file":"uin:xradar/set1_dot.png","ascent":204,"height":300,"chars":["\u0204"]},
		{"type":"bitmap","file":"uin:xradar/set1_dot.png","ascent":205,"height":300,"chars":["\u0205"]},
		{"type":"bitmap","file":"uin:xradar/set1_dot.png","ascent":206,"height":300,"chars":["\u0206"]},
		{"type":"bitmap","file":"uin:xradar/set1_dot.png","ascent":207,"height":300,"chars":["\u0207"]},
		{"type":"bitmap","file":"uin:xradar/set1_dot.png","ascent":208,"height":300,"chars":["\u0208"]},
		{"type":"bitmap","file":"uin:xradar/set1_dot.png","ascent":209,"height":300,"chars":["\u0209"]},
		{"type":"bitmap","file":"uin:xradar/set1_dot.png","ascent":210,"height":300,"chars":["\u0210"]},
		{"type":"bitmap","file":"uin:xradar/set1_dot.png","ascent":211,"height":300,"chars":["\u0211"]},
		{"type":"bitmap","file":"uin:xradar/set1_dot.png","ascent":212,"height":300,"chars":["\u0212"]},
		{"type":"bitmap","file":"uin:xradar/set1_dot.png","ascent":213,"height":300,"chars":["\u0213"]},
		{"type":"bitmap","file":"uin:xradar/set1_dot.png","ascent":214,"height":300,"chars":["\u0214"]},
		{"type":"bitmap","file":"uin:xradar/set1_dot.png","ascent":215,"height":300,"chars":["\u0215"]},
		{"type":"bitmap","file":"uin:xradar/set1_dot.png","ascent":216,"height":300,"chars":["\u0216"]},
		{"type":"bitmap","file":"uin:xradar/set1_dot.png","ascent":217,"height":300,"chars":["\u0217"]},
		{"type":"bitmap","file":"uin:xradar/set1_dot.png","ascent":218,"height":300,"chars":["\u0218"]},
		{"type":"bitmap","file":"uin:xradar/set1_dot.png","ascent":219,"height":300,"chars":["\u0219"]},
		{"type":"bitmap","file":"uin:xradar/set1_dot.png","ascent":220,"height":300,"chars":["\u0220"]},
		{"type":"bitmap","file":"uin:xradar/set1_dot.png","ascent":221,"height":300,"chars":["\u0221"]},
		{"type":"bitmap","file":"uin:xradar/set1_dot.png","ascent":222,"height":300,"chars":["\u0222"]},
		{"type":"bitmap","file":"uin:xradar/set1_dot.png","ascent":223,"height":300,"chars":["\u0223"]},
		{"type":"bitmap","file":"uin:xradar/set1_dot.png","ascent":224,"height":300,"chars":["\u0224"]},
		{"type":"bitmap","file":"uin:xradar/set1_dot.png","ascent":225,"height":300,"chars":["\u0225"]},
		{"type":"bitmap","file":"uin:xradar/set1_dot.png","ascent":226,"height":300,"chars":["\u0226"]},
		{"type":"bitmap","file":"uin:xradar/set1_dot.png","ascent":227,"height":300,"chars":["\u0227"]},
		{"type":"bitmap","file":"uin:xradar/set1_dot.png","ascent":228,"height":300,"chars":["\u0228"]},
		{"type":"bitmap","file":"uin:xradar/set1_dot.png","ascent":229,"height":300,"chars":["\u0229"]},
		{"type":"bitmap","file":"uin:xradar/set1_dot.png","ascent":230,"height":300,"chars":["\u0230"]},
		{"type":"bitmap","file":"uin:xradar/set1_dot.png","ascent":231,"height":300,"chars":["\u0231"]},
		{"type":"bitmap","file":"uin:xradar/set1_dot.png","ascent":232,"height":300,"chars":["\u0232"]},
		{"type":"bitmap","file":"uin:xradar/set1_dot.png","ascent":233,"height":300,"chars":["\u0233"]},
		{"type":"bitmap","file":"uin:xradar/set1_dot.png","ascent":234,"height":300,"chars":["\u0234"]},
		{"type":"bitmap","file":"uin:xradar/set1_dot.png","ascent":235,"height":300,"chars":["\u0235"]},
		{"type":"bitmap","file":"uin:xradar/set1_dot.png","ascent":236,"height":300,"chars":["\u0236"]},
		{"type":"bitmap","file":"uin:xradar/set1_dot.png","ascent":237,"height":300,"chars":["\u0237"]},
		{"type":"bitmap","file":"uin:xradar/set1_dot.png","ascent":238,"height":300,"chars":["\u0238"]},
		{"type":"bitmap","file":"uin:xradar/set1_dot.png","ascent":239,"height":300,"chars":["\u0239"]},
		{"type":"bitmap","file":"uin:xradar/set1_dot.png","ascent":240,"height":300,"chars":["\u0240"]},
		{"type":"bitmap","file":"uin:xradar/set1_dot.png","ascent":241,"height":300,"chars":["\u0241"]},
		{"type":"bitmap","file":"uin:xradar/set1_dot.png","ascent":242,"height":300,"chars":["\u0242"]},
		{"type":"bitmap","file":"uin:xradar/set1_dot.png","ascent":243,"height":300,"chars":["\u0243"]},
		{"type":"bitmap","file":"uin:xradar/set1_dot.png","ascent":244,"height":300,"chars":["\u0244"]},
		{"type":"bitmap","file":"uin:xradar/set1_dot.png","ascent":245,"height":300,"chars":["\u0245"]},
		{"type":"bitmap","file":"uin:xradar/set1_dot.png","ascent":246,"height":300,"chars":["\u0246"]},
		{"type":"bitmap","file":"uin:xradar/set1_dot.png","ascent":247,"height":300,"chars":["\u0247"]},
		{"type":"bitmap","file":"uin:xradar/set1_dot.png","ascent":248,"height":300,"chars":["\u0248"]},
		{"type":"bitmap","file":"uin:xradar/set1_dot.png","ascent":249,"height":300,"chars":["\u0249"]},
		{"type":"bitmap","file":"uin:xradar/set1_dot.png","ascent":250,"height":300,"chars":["\u0250"]},
		{"type":"bitmap","file":"uin:xradar/set1_dot.png","ascent":251,"height":300,"chars":["\u0251"]},
		{"type":"bitmap","file":"uin:xradar/set1_dot.png","ascent":252,"height":300,"chars":["\u0252"]},
		{"type":"bitmap","file":"uin:xradar/set1_dot.png","ascent":253,"height":300,"chars":["\u0253"]},
		{"type":"bitmap","file":"uin:xradar/set1_dot.png","ascent":254,"height":300,"chars":["\u0254"]},
		{"type":"bitmap","file":"uin:xradar/set1_dot.png","ascent":255,"height":300,"chars":["\u0255"]},
		{"type":"bitmap","file":"uin:xradar/set1_dot.png","ascent":256,"height":300,"chars":["\u0256"]},
		{"type":"bitmap","file":"uin:xradar/set1_dot.png","ascent":257,"height":300,"chars":["\u0257"]},
		{"type":"bitmap","file":"uin:xradar/set1_dot.png","ascent":258,"height":300,"chars":["\u0258"]},
		{"type":"bitmap","file":"uin:xradar/set1_dot.png","ascent":259,"height":300,"chars":["\u0259"]},
		{"type":"bitmap","file":"uin:xradar/set1_dot.png","ascent":260,"height":300,"chars":["\u0260"]},
		{"type":"bitmap","file":"uin:xradar/set1_dot.png","ascent":261,"height":300,"chars":["\u0261"]},
		{"type":"bitmap","file":"uin:xradar/set1_dot.png","ascent":262,"height":300,"chars":["\u0262"]},
		{"type":"bitmap","file":"uin:xradar/set1_dot.png","ascent":263,"height":300,"chars":["\u0263"]},
		{"type":"bitmap","file":"uin:xradar/set1_dot.png","ascent":264,"height":300,"chars":["\u0264"]},
		{"type":"bitmap","file":"uin:xradar/set1_dot.png","ascent":265,"height":300,"chars":["\u0265"]},
		{"type":"bitmap","file":"uin:xradar/set1_dot.png","ascent":266,"height":300,"chars":["\u0266"]},
		{"type":"bitmap","file":"uin:xradar/set1_dot.png","ascent":267,"height":300,"chars":["\u0267"]},
		{"type":"bitmap","file":"uin:xradar/set1_dot.png","ascent":268,"height":300,"chars":["\u0268"]},
		{"type":"bitmap","file":"uin:xradar/set1_dot.png","ascent":269,"height":300,"chars":["\u0269"]},
		{"type":"bitmap","file":"uin:xradar/set1_dot.png","ascent":270,"height":300,"chars":["\u0270"]},
		{"type":"bitmap","file":"uin:xradar/set1_dot.png","ascent":271,"height":300,"chars":["\u0271"]},
		{"type":"bitmap","file":"uin:xradar/set1_dot.png","ascent":272,"height":300,"chars":["\u0272"]},
		{"type":"bitmap","file":"uin:xradar/set1_dot.png","ascent":273,"height":300,"chars":["\u0273"]},
		{"type":"bitmap","file":"uin:xradar/set1_dot.png","ascent":274,"height":300,"chars":["\u0274"]},
		{"type":"bitmap","file":"uin:xradar/set1_dot.png","ascent":275,"height":300,"chars":["\u0275"]},
		{"type":"bitmap","file":"uin:xradar/set1_dot.png","ascent":276,"height":300,"chars":["\u0276"]},
		{"type":"bitmap","file":"uin:xradar/set1_dot.png","ascent":277,"height":300,"chars":["\u0277"]},
		{"type":"bitmap","file":"uin:xradar/set1_dot.png","ascent":278,"height":300,"chars":["\u0278"]},
		{"type":"bitmap","file":"uin:xradar/set1_dot.png","ascent":279,"height":300,"chars":["\u0279"]},
		{"type":"bitmap","file":"uin:xradar/set1_dot.png","ascent":280,"height":300,"chars":["\u0280"]},
		{"type":"bitmap","file":"uin:xradar/set1_dot.png","ascent":281,"height":300,"chars":["\u0281"]},
		{"type":"bitmap","file":"uin:xradar/set1_dot.png","ascent":282,"height":300,"chars":["\u0282"]},
		{"type":"bitmap","file":"uin:xradar/set1_dot.png","ascent":283,"height":300,"chars":["\u0283"]},
		{"type":"bitmap","file":"uin:xradar/set1_dot.png","ascent":284,"height":300,"chars":["\u0284"]},
		{"type":"bitmap","file":"uin:xradar/set1_dot.png","ascent":285,"height":300,"chars":["\u0285"]},
		{"type":"bitmap","file":"uin:xradar/set1_dot.png","ascent":286,"height":300,"chars":["\u0286"]},
		{"type":"bitmap","file":"uin:xradar/set1_dot.png","ascent":287,"height":300,"chars":["\u0287"]},
		{"type":"bitmap","file":"uin:xradar/set1_dot.png","ascent":288,"height":300,"chars":["\u0288"]},
		{"type":"bitmap","file":"uin:xradar/set1_dot.png","ascent":289,"height":300,"chars":["\u0289"]},
		{"type":"bitmap","file":"uin:xradar/set1_dot.png","ascent":290,"height":300,"chars":["\u0290"]},
		{"type":"bitmap","file":"uin:xradar/set1_dot.png","ascent":291,"height":300,"chars":["\u0291"]},
		{"type":"bitmap","file":"uin:xradar/set1_dot.png","ascent":292,"height":300,"chars":["\u0292"]},
		{"type":"bitmap","file":"uin:xradar/set1_dot.png","ascent":293,"height":300,"chars":["\u0293"]},
		{"type":"bitmap","file":"uin:xradar/set1_dot.png","ascent":294,"height":300,"chars":["\u0294"]},
		{"type":"bitmap","file":"uin:xradar/set1_dot.png","ascent":295,"height":300,"chars":["\u0295"]},
		{"type":"bitmap","file":"uin:xradar/set1_dot.png","ascent":296,"height":300,"chars":["\u0296"]},
		{"type":"bitmap","file":"uin:xradar/set1_dot.png","ascent":297,"height":300,"chars":["\u0297"]},
		{"type":"bitmap","file":"uin:xradar/set1_dot.png","ascent":298,"height":300,"chars":["\u0298"]},
		{"type":"bitmap","file":"uin:xradar/set1_dot.png","ascent":299,"height":300,"chars":["\u0299"]},
		{"type":"bitmap","file":"uin:xradar/set1_dot.png","ascent":300,"height":300,"chars":["\u0300"]},
		
		{"type": "bitmap","file": "uin:xradar/13_trans13.png","ascent": 300,"height": 327,"chars": ["\u000f"]},
		{"type": "bitmap","file": "uin:xradar/04_frame_r.png","ascent": 300,"height": 327,"chars": ["\u00a1"]},
		{"type": "bitmap","file": "uin:xradar/18_glitch0.png","ascent": 300,"height": 327,"chars": ["\u00a2"]},
		{"type": "bitmap","file": "uin:xradar/19_shade.png","ascent": 300,"height": 327,"chars": ["\u00a3"]},
		
		{"type": "bitmap","file": "uin:xradar/sp1_.png","ascent": 300,"height": 327,"chars": ["\u00a4"]},
		{"type": "bitmap","file": "uin:xradar/sp2_.png","ascent": 300,"height": 327,"chars": ["\u00a5"]},
		{"type": "bitmap","file": "uin:xradar/sp3_.png","ascent": 300,"height": 327,"chars": ["\u00a6"]},
		{"type": "bitmap","file": "uin:xradar/sp4_.png","ascent": 300,"height": 327,"chars": ["\u00a8"]},
		
		{"type": "bitmap","file": "uin:xradar/t2_frame_r.png","ascent": 219,"height": 327,"chars": ["\ub001"]},
		{"type": "bitmap","file": "uin:xradar/t2_black.png","ascent": 300,"height": 327,"chars": ["\ub002"]},
		{"type": "bitmap","file": "uin:xradar/t2_trans13.png","ascent": 300,"height": 327,"chars": ["\ub003"]},
		{"type": "bitmap","file": "uin:xradar/t2_glitch_empty.png","ascent": 220,"height": 240,"chars": ["\ub004"]},
		{"type": "bitmap","file": "uin:xradar/t2_frame.png","ascent": 219,"height": 327,"chars": ["\ub005"]},
		{"type": "bitmap","file": "uin:xradar/t2_plugin.png","ascent": 219,"height": 327,"chars": ["\ub006"]}
	]
}