{
    "pools": [
        {
            "rolls": 1,
            "entries": [
                {
                    "type": "item",
                    "weight": 1,
                    "name": "minecraft:command_block",
                    "functions": [
                        {
                            "function": "set_nbt",
                            "tag": "{display:{Name:'{\"translate\":\"uin.item.xradar.name\",\"color\":\"#FF55FF\"}',Lore:['{\"translate\":\"uin.item.xradar.lore\",\"color\":\"#555555\"}']},CustomModelData:19,xradar:1b}"
                        }
                    ]
                }
            ]
        }
    ]
}